team1,team2,similarity
Croatia,Denmark,0.9969803327194761
Germany,Portugal,0.9932287308114648
Denmark,Senegal,0.9893571438045309
South Korea,Uruguay,0.9870605018196444
Sevilla,South Korea,0.9863549730784559
Germany,Switzerland,0.985813999798768
England,Italy,0.9855919966159616
England,Portugal,0.9854750072868229
Portugal,Spain,0.9849819063552255
Denmark,Germany,0.9848515497809026
Austria,Denmark,0.9847378348743319
Austria,United States,0.9846828500938264
Denmark,Portugal,0.9845329547758642
Senegal,Uruguay,0.9835689016497298
Austria,Netherlands,0.9832694037064075
England,Netherlands,0.9831833765886794
Austria,Senegal,0.9831366519102086
Netherlands,Senegal,0.9817900185932894
Netherlands,United States,0.9816031056197476
Iran,Osasuna,0.9811662395707254
Canada,France,0.9811538102312475
Croatia,Portugal,0.9808930630348845
Netherlands,Portugal,0.9807366134838933
Saudi Arabia,Senegal,0.979583365234373
Brazil,Italy,0.9795163318247545
Poland,United States,0.9793652013341653
Brazil,France,0.9792602956946705
Real Betis,Real Sociedad,0.9790681575032883
Ukraine,United States,0.9789972881215091
Denmark,Netherlands,0.9787710641130314
Portugal,Switzerland,0.9783901262988125
England,Spain,0.978369087290004
Croatia,Senegal,0.9783532001481073
Ecuador,Germany,0.9783144700255724
Croatia,Germany,0.9780959784000584
Denmark,Uruguay,0.9777529074854274
Denmark,Switzerland,0.9777104685724541
Senegal,United States,0.9775056507452622
Germany,Spain,0.9772952650271595
Barcelona,Italy,0.9772436038764813
Netherlands,Switzerland,0.9768059511986115
Austria,Scotland,0.9765540839558099
Austria,Croatia,0.9764502734199533
Czech Republic,Uruguay,0.9759392550084103
Sevilla,Uruguay,0.9758304480318614
Germany,Senegal,0.975637451430541
France,Morocco,0.9756224112516775
Cameroon,Sevilla,0.9755952640917651
Denmark,France,0.9749526866332638
Portugal,Senegal,0.9747702404292419
Austria,Real Valladolid,0.9741293938972125
Atlético Madrid,Brazil,0.9739714729476868
Senegal,Switzerland,0.9739112863895423
Ecuador,Portugal,0.9736721527310722
Austria,Real Sociedad,0.9733233753248642
Czech Republic,Denmark,0.9731957608839948
Argentina,Spain,0.9730998203087484
Australia,Cameroon,0.9729908725695897
Iran,Sevilla,0.9724881166813472
Real Valladolid,Senegal,0.9722324487705687
Denmark,Real Valladolid,0.9720655080906925
Poland,South Korea,0.9720016499740434
Serbia,Sevilla,0.9719950794145876
Italy,Spain,0.9718855577028638
Tunisia,United States,0.9717583235433832
Barcelona,England,0.971734891809444
Denmark,United States,0.9717157290638897
Croatia,Netherlands,0.971528153004124
Italy,Portugal,0.9715124570905358
Cameroon,Iran,0.9714821023934492
Croatia,Switzerland,0.9713707193713084
Germany,Netherlands,0.9711880450858176
Atlético Madrid,Canada,0.971087530340461
Croatia,France,0.9710566226344121
Athletic Club,Australia,0.970975482560277
Canada,Morocco,0.9708215676293517
Brazil,Portugal,0.9707796906310567
Austria,Uruguay,0.970734582989906
Canada,North Macedonia,0.9705944498405057
Denmark,South Korea,0.9705225768449459
France,Portugal,0.9703725205427215
Brazil,Canada,0.9702691353150258
France,Germany,0.970263217939377
Real Betis,Villarreal,0.9701373962788102
Austria,Portugal,0.9700654870883143
Serbia,South Korea,0.9699660022976373
Real Valladolid,Scotland,0.9696697454909075
Ghana,Villarreal,0.9695841310818396
Poland,Sevilla,0.9693499079427221
Scotland,United States,0.9692750441717435
Cameroon,South Korea,0.9690463845956861
Belgium,Ghana,0.968938597079115
Poland,Tunisia,0.9687980682501892
Croatia,South Korea,0.9686245043796465
South Korea,Switzerland,0.9684154141591989
Ghana,Real Sociedad,0.9682397123329215
South Korea,Wales,0.9682182424258898
Switzerland,Uruguay,0.9680240585022286
Senegal,South Korea,0.9679643471955172
Real Betis,Sevilla,0.9679246929224592
Cameroon,Villarreal,0.9676598489256396
Croatia,Real Valladolid,0.9676576845567423
Serbia,Uruguay,0.9676516098094603
Uruguay,Wales,0.9676322970227517
Argentina,Celta Vigo,0.9675346924350722
Espanyol,Saudi Arabia,0.9674043306812173
Real Sociedad,Scotland,0.9673720821757809
Brazil,Germany,0.9670776627116829
Croatia,Czech Republic,0.9669687560067256
Saudi Arabia,Uruguay,0.9669237671274385
United States,Uruguay,0.9666618772030187
Tunisia,Uruguay,0.9665881006428166
Croatia,Uruguay,0.966388937853053
Brazil,England,0.9663053167225854
England,Germany,0.9662781872579624
Czech Republic,Senegal,0.9661936031125669
Austria,England,0.9658806801857005
Australia,Villarreal,0.9657877712478407
Ecuador,Switzerland,0.965688045506991
Iran,Serbia,0.9653516445411714
Argentina,Italy,0.9650910110607643
Germany,Mexico,0.9650782071504567
Austria,Real Betis,0.9650271562541226
Brazil,Spain,0.9649555910929906
Belgium,Croatia,0.9649400158835907
Germany,Morocco,0.9645019708589319
France,Senegal,0.9642289971449431
Croatia,United States,0.9641929711844488
Netherlands,Saudi Arabia,0.963835069975213
Denmark,England,0.9636778841290911
Espanyol,Senegal,0.963407235564515
South Korea,United States,0.9633426053309632
Real Betis,Scotland,0.9633417164603604
Barcelona,Brazil,0.9629369183766534
Sevilla,United States,0.9627687232863199
Croatia,Sevilla,0.9625650889079413
France,Real Valladolid,0.9625418451620598
Poland,Senegal,0.9621860140732924
Denmark,Sevilla,0.9620691036328952
Germany,Russia,0.962011103162509
Australia,Sevilla,0.9619817195858476
Italy,Netherlands,0.9615385761677543
England,Senegal,0.9615286747223517
Scotland,Sevilla,0.9615004557663506
Netherlands,Uruguay,0.9614964741661836
Canada,Italy,0.9614961543645657
Belgium,Denmark,0.9614712061592237
Netherlands,Poland,0.9614484042725467
Senegal,Tunisia,0.9613926027907524
Belgium,Real Betis,0.9613817382753582
Real Sociedad,Villarreal,0.9612398616630774
Netherlands,South Korea,0.9610402839246476
Ghana,Real Betis,0.9610324833207792
Croatia,England,0.9610224327330468
Athletic Club,Iran,0.9608396765084202
Belgium,France,0.9607610936414671
Real Valladolid,United States,0.9607340915996282
North Macedonia,United States,0.9606940315791326
Austria,Germany,0.9602543953468905
Austria,North Macedonia,0.9600611020316439
Athletic Club,Cameroon,0.9597363745673869
Mexico,Portugal,0.9596117974635882
Portugal,United States,0.9595440547565093
Real Madrid,Real Valladolid,0.9593348095552366
Czech Republic,Ecuador,0.9593107084554231
Athletic Club,Huesca,0.9592289199039793
Senegal,Sevilla,0.9591872412863316
Real Sociedad,United States,0.9591822159776371
Canada,Real Valladolid,0.9590699165857743
Russia,Spain,0.9589065429495908
Austria,Ukraine,0.9588470180827046
Austria,Sevilla,0.9588011138893543
Croatia,Spain,0.9587519837789552
Ghana,North Macedonia,0.9587487978228929
Athletic Club,Valencia,0.9587309342657464
Cameroon,Levante UD,0.9583623716779659
Czech Republic,Switzerland,0.958307236904361
Czech Republic,Russia,0.9582710386491728
Denmark,Spain,0.9582369866561673
Sweden,Wales,0.9582029995809638
Czech Republic,Germany,0.9581511268365386
Poland,Real Madrid,0.9580433685284162
Cameroon,Real Betis,0.9579966832507413
Sevilla,Villarreal,0.9577601290896148
Argentina,Portugal,0.9576467336258727
Scotland,Senegal,0.9575356573491361
Atlético Madrid,Italy,0.9574679031963583
Levante UD,Real Valladolid,0.9573097865187068
Denmark,Ecuador,0.9571680582957419
Australia,South Korea,0.9568835600526068
Saudi Arabia,South Korea,0.9566323375268496
Germany,Italy,0.9565053214110862
Poland,Uruguay,0.9564597987215372
Slovakia,Turkey,0.9563943402859282
Brazil,Croatia,0.9563034525229391
Austria,Canada,0.9561340985054465
Cameroon,Uruguay,0.9559594098372824
Ecuador,Senegal,0.9558153774115716
Scotland,Villarreal,0.95563124011498
Argentina,Barcelona,0.9556285652003206
North Macedonia,Real Sociedad,0.9553738701746729
Austria,South Korea,0.9553077894156445
Scotland,Uruguay,0.9552781092714075
Brazil,Denmark,0.9551452779777952
North Macedonia,Tunisia,0.9550945698001289
Denmark,Saudi Arabia,0.9550709492810692
Canada,England,0.9549536072756227
Real Betis,Real Valladolid,0.9549234328000696
Barcelona,Spain,0.9549216484339735
Saudi Arabia,Switzerland,0.9548726530749241
Austria,Belgium,0.9548674253457607
Mexico,Switzerland,0.9548021687617189
Czech Republic,South Korea,0.9547350044751816
Australia,Iran,0.9547026756180089
Real Valladolid,Sevilla,0.9546864307078663
Real Betis,United States,0.9543376538764772
South Korea,Tunisia,0.954190147203491
Denmark,Poland,0.9541377699810311
Mexico,Spain,0.9540720210568638
Argentina,Germany,0.9539009980655525
England,United States,0.9537951977145149
Ecuador,Netherlands,0.9537009731702245
Austria,France,0.9536108648414384
France,Spain,0.9535398928453456
Real Valladolid,Villarreal,0.9535143093922994
England,France,0.9534832471817435
Real Betis,Uruguay,0.9534795647708035
Celta Vigo,Ecuador,0.9534052082990427
Atlético Madrid,France,0.9533235529717815
Espanyol,Russia,0.9532638339150331
Czech Republic,Serbia,0.9530055884872738
Austria,Czech Republic,0.9527998346127674
Real Sociedad,Ukraine,0.9527196125056804
Canada,Senegal,0.9526678244566901
Real Betis,Serbia,0.9523992030936077
Barcelona,France,0.9523343923900075
Espanyol,Real Valladolid,0.9523334807620765
Real Sociedad,Sevilla,0.952206715171185
Real Betis,Turkey,0.9521918477931312
Ecuador,Spain,0.9521666793946842
Ghana,Levante UD,0.9520229481393225
Brazil,Netherlands,0.9518735415692959
Canada,Portugal,0.9518550456609118
Barcelona,Portugal,0.951814420742619
England,Switzerland,0.9517949387006865
Qatar,Real Betis,0.9517678907634992
Netherlands,Spain,0.9515805130269308
Morocco,Portugal,0.9512321926052741
Japan,Sweden,0.9511633179881636
Cameroon,Saudi Arabia,0.950963761420659
Germany,Uruguay,0.9508370047018329
Austria,Switzerland,0.9508335253134758
Croatia,Poland,0.9506191978562964
Iran,South Korea,0.9505690220481914
Argentina,Ecuador,0.9505393884622727
France,Italy,0.9505331044957557
Portugal,Russia,0.9504687616880569
Switzerland,United States,0.9503560828935417
Ghana,Real Valladolid,0.9503492109319195
Morocco,Senegal,0.9500238866375188
Atlético Madrid,Real Madrid,0.9500069542447853
France,Netherlands,0.95000306909532
Denmark,Real Betis,0.9499228117743139
Finland,Wales,0.9499084250939972
Ecuador,England,0.9498939758641285
Spain,Switzerland,0.9498161173979923
Austria,Tunisia,0.9497843216803713
Brazil,Morocco,0.9497507086981004
Barcelona,Canada,0.9497235006491477
Australia,Tunisia,0.9496964308768597
Canada,Netherlands,0.9496556626527803
Austria,Saudi Arabia,0.9494808465731067
Argentina,Brazil,0.9494316546070353
Brazil,Real Madrid,0.9493502602797734
Austria,Ecuador,0.9493485164605506
Iran,Valencia,0.9491217241036949
Croatia,Real Betis,0.9490608275457012
Italy,Mexico,0.9490589489349155
Australia,Uruguay,0.9490422754066217
Croatia,Real Madrid,0.9488684604672615
Belgium,Netherlands,0.9488624260219767
Canada,Denmark,0.9488610006534696
Denmark,Morocco,0.9487431071271901
North Macedonia,Senegal,0.9487380425561606
Cameroon,Serbia,0.9487311425995433
Netherlands,North Macedonia,0.9486918408183649
Real Madrid,United States,0.9485861699862187
Sevilla,Wales,0.9484784199463032
Morocco,North Macedonia,0.9484777680029558
Real Valladolid,Uruguay,0.9483245016878965
Iran,Uruguay,0.948262598338899
Austria,Poland,0.9482325005025918
Netherlands,Tunisia,0.9482304545919598
Czech Republic,Portugal,0.9482299399221433
Real Betis,South Korea,0.9480552163444068
Russia,Senegal,0.9479951981209954
Argentina,England,0.9479697491811955
Brazil,Mexico,0.947841831746926
Levante UD,Sevilla,0.9477434815998859
Athletic Club,Uruguay,0.9477107862357363
Denmark,Russia,0.9476859884021911
Netherlands,Real Valladolid,0.9476784901690416
Eibar,Scotland,0.9474177243574201
Belgium,Real Valladolid,0.9472690252431296
Denmark,Scotland,0.9470084193606434
Ecuador,Russia,0.9468925307063294
Netherlands,Ukraine,0.9465671586022125
Poland,Real Valladolid,0.9465067099917608
Germany,United States,0.9463274280023136
Levante UD,Real Betis,0.9463220485464444
England,Mexico,0.9461987050068709
Cameroon,Turkey,0.945716647640506
Czech Republic,Sevilla,0.9457053744386948
Finland,Valencia,0.945686230753429
Belgium,United States,0.9456338140771176
Czech Republic,Saudi Arabia,0.9456021781590217
Huesca,Hungary,0.9453640265738551
Real Betis,Senegal,0.9453073290478203
Espanyol,Netherlands,0.9450529205390743
Poland,Switzerland,0.9449910092593238
Ecuador,Morocco,0.9448903146677239
Espanyol,Scotland,0.9448581291216402
Netherlands,Scotland,0.9447765229144574
Belgium,Senegal,0.9446523020319506
Belgium,Real Sociedad,0.9444665258440206
Athletic Club,Osasuna,0.944429444221756
Czech Republic,Wales,0.9444238056986728
Cameroon,Real Valladolid,0.944379103399198
Belgium,Cameroon,0.94435929454302
Scotland,Ukraine,0.9443431188587039
Croatia,Ecuador,0.9442778247709271
Cameroon,Ghana,0.9442375301045557
Canada,Germany,0.944186255840487
Real Sociedad,Slovakia,0.9441706416104948
Belgium,South Korea,0.9441339424015741
Sevilla,Tunisia,0.9441056569212791
Serbia,Wales,0.9440020842077887
Serbia,Turkey,0.9439707509347642
Real Sociedad,Uruguay,0.9436605428705879
Austria,Ghana,0.9436288980453297
Portugal,Uruguay,0.9435351913375148
Real Madrid,Sevilla,0.9435334096035692
Croatia,Levante UD,0.9434342943372835
Brazil,Senegal,0.9434090295923147
Belgium,Levante UD,0.9432393810028292
Russia,Switzerland,0.9432386471881397
Australia,Real Betis,0.9430920318516307
Real Betis,Slovakia,0.9429432859630276
Cameroon,Wales,0.9428255507115861
Netherlands,Real Sociedad,0.9427566908814748
Real Betis,Ukraine,0.9425887143058055
Huesca,Levante UD,0.9423930856480309
Netherlands,Sevilla,0.9421169677250724
Costa Rica,Hungary,0.9418877022740674
Atlético Madrid,England,0.9418651090007226
Croatia,Saudi Arabia,0.9417099472659916
Denmark,Real Madrid,0.9416748495737366
Denmark,Tunisia,0.9415063487828538
Iran,Villarreal,0.9414352083761499
Poland,Scotland,0.9411295105718303
Athletic Club,Qatar,0.9410769838233048
Real Sociedad,Real Valladolid,0.9410715246122385
Denmark,Levante UD,0.9410424443314492
Atlético Madrid,Barcelona,0.9410095923252486
Real Sociedad,Senegal,0.9410083357670902
France,Switzerland,0.9409210933048522
Belgium,Villarreal,0.9409185991672165
Scotland,Serbia,0.9408196265633294
Real Valladolid,Saudi Arabia,0.9407813675787791
Canada,Ghana,0.9404948707180668
United States,Villarreal,0.9402798227660345
Ghana,Huesca,0.9398650524801214
Austria,Real Madrid,0.9398302610778662
Portugal,Real Valladolid,0.939812659354014
Belgium,Canada,0.9396913483699403
Cameroon,Senegal,0.9396352844386735
Finland,Turkey,0.9395948022614813
Tunisia,Ukraine,0.9394738546018142
Netherlands,Real Madrid,0.9392205379214615
Australia,Wales,0.9391791732861051
Austria,Espanyol,0.9391501260594403
Denmark,Espanyol,0.9391443017305521
Finland,Huesca,0.9391325832047719
Saudi Arabia,United States,0.9391234064803118
Athletic Club,Serbia,0.9390973886873756
England,Real Valladolid,0.9390418010696474
Mexico,Netherlands,0.9389546523612358
England,Espanyol,0.9389115940895466
Canada,United States,0.938874014451412
Brazil,Switzerland,0.9387228719452926
Australia,Real Sociedad,0.9386798607029809
Croatia,Russia,0.9386394011101048
Atlético Madrid,Espanyol,0.9384780274308224
Saudi Arabia,Sevilla,0.9383561905176608
England,Saudi Arabia,0.9381918621732687
Canada,Croatia,0.9381548614038333
Espanyol,Poland,0.9381457323125368
Qatar,Villarreal,0.9381215206771365
Belgium,Sevilla,0.9380666779557194
Croatia,Scotland,0.9380131264512639
Ecuador,Mexico,0.9378397292209503
Poland,Saudi Arabia,0.9375107526824574
Cameroon,Croatia,0.9374321595857648
Canada,Real Madrid,0.9374015905137031
Athletic Club,Finland,0.9374007879988315
Germany,South Korea,0.9373839815166302
England,Russia,0.9373799653787709
Real Madrid,Senegal,0.9370688203217324
Scotland,South Korea,0.937049756256994
Germany,Saudi Arabia,0.9369838113283269
Athletic Club,Wales,0.9369768505474227
Russia,Saudi Arabia,0.9369217814282078
Celta Vigo,Germany,0.9368808853321308
Austria,Spain,0.9368713620359193
Australia,Serbia,0.936861384855384
Cameroon,Denmark,0.9368262954341712
Argentina,Mexico,0.9367453947736412
Australia,Finland,0.9367393163485328
Ecuador,Uruguay,0.9367141456067565
Belgium,Portugal,0.9366144316995849
Mexico,Russia,0.9365321917411938
Senegal,Spain,0.9365284474904195
Turkey,Valencia,0.9365015326683823
Barcelona,Netherlands,0.9363965733742441
North Macedonia,Real Valladolid,0.9361287067199411
Iran,Wales,0.9361223384626262
Cameroon,Poland,0.9360359454675933
Switzerland,Wales,0.9357684419088987
Athletic Club,Sevilla,0.9356727398999676
Sevilla,Turkey,0.935541542525486
Levante UD,Senegal,0.9353865795865152
Austria,Morocco,0.9353820634942147
Athletic Club,Real Betis,0.9353754911093247
Czech Republic,Netherlands,0.9353117760137198
North Macedonia,Ukraine,0.9353039263596212
France,North Macedonia,0.9352755079991528
Saudi Arabia,Tunisia,0.9352029308931173
Iran,Scotland,0.9351122208202404
Australia,Osasuna,0.9349789815763762
Levante UD,Real Madrid,0.9349291907710602
Portugal,Saudi Arabia,0.934660281297282
Denmark,Italy,0.9345740845805706
Iran,Real Betis,0.9345432825424634
Athletic Club,Villarreal,0.9343768487593505
Cameroon,Real Sociedad,0.9343719817676841
Real Valladolid,South Korea,0.9342399361518395
Ecuador,Italy,0.934236667655599
Real Valladolid,Tunisia,0.9342133997026612
Cameroon,Scotland,0.9341742809514892
Portugal,South Korea,0.9340738435373263
Denmark,Real Sociedad,0.933961003215401
Brazil,Real Valladolid,0.9339336673938012
Belgium,North Macedonia,0.9338927893334722
Argentina,France,0.9337923610909554
Scotland,Tunisia,0.93378935581675
Saudi Arabia,Scotland,0.9336404383639597
Atlético Madrid,Real Valladolid,0.9335034589692824
Real Sociedad,Tunisia,0.9334892033753209
Australia,Ghana,0.933443362424265
France,United States,0.9334087152597156
France,Levante UD,0.9333716689587342
Poland,Villarreal,0.9333696816655582
Deportivo Alavés,Leganés,0.9333576027457405
Real Sociedad,South Korea,0.933354850009808
Austria,Villarreal,0.9332441206613626
Germany,Real Valladolid,0.9331917469201446
Ukraine,Uruguay,0.9331493486772613
Austria,Italy,0.9330899445230826
England,Real Madrid,0.932955659767614
Poland,Ukraine,0.9329462662545379
Belgium,Uruguay,0.9323979393626953
Espanyol,Uruguay,0.9323658532266458
Senegal,Wales,0.9320322437793486
Switzerland,Tunisia,0.9319048461236659
Ghana,Senegal,0.9316741883306154
Croatia,Morocco,0.93165803317559
Ghana,United States,0.9316040495967653
Belgium,Real Madrid,0.9315375581781518
Morocco,Switzerland,0.9313766028855539
Barcelona,Croatia,0.9313000198006417
Atlético Madrid,Morocco,0.931212470540723
Italy,Morocco,0.9311732597154561
Croatia,Italy,0.9311060234807506
Huesca,Real Betis,0.9310949953214174
Czech Republic,Real Valladolid,0.9309893460664114
Austria,Brazil,0.9307848869310517
France,Real Madrid,0.930737997678737
Sevilla,Switzerland,0.9305672380262185
Denmark,Wales,0.9305146713069279
Morocco,Netherlands,0.9304404553862824
Levante UD,Villarreal,0.9303925796037347
Tunisia,Villarreal,0.9302918020706284
Denmark,North Macedonia,0.9302772407919531
Espanyol,United States,0.9301854173424201
Atlético Madrid,Netherlands,0.9301331463215498
Czech Republic,Scotland,0.9300611300198687
Australia,Qatar,0.9300361048574116
Cameroon,Valencia,0.9299920014497985
Atlético Madrid,Senegal,0.9297663162881339
Barcelona,Belgium,0.9297575493106242
Italy,Switzerland,0.9297195689921082
Australia,Poland,0.9296898280119567
Cameroon,Finland,0.9296548125801581
Canada,Spain,0.9296318978153296
Italy,Senegal,0.9292263919314709
Denmark,Serbia,0.9291962292247433
South Korea,Villarreal,0.9291163882246736
Japan,Morocco,0.9290486838453224
Cameroon,Osasuna,0.9288743590179134
Argentina,Russia,0.9288651005241417
Ecuador,France,0.9286591617007497
Croatia,Serbia,0.9285374069831508
Belgium,Brazil,0.9284594271122513
Senegal,Ukraine,0.9284006349455517
Poland,Portugal,0.9283893814113913
Austria,Levante UD,0.9283345255055976
Australia,Huesca,0.9282139240303942
Barcelona,Germany,0.9282018958587539
Austria,Cameroon,0.9280700545055481
South Korea,Ukraine,0.9279287388828532
Denmark,Ukraine,0.9279271783158002
Espanyol,Real Madrid,0.9276663543460081
Qatar,Scotland,0.9275711233837106
Czech Republic,Real Betis,0.9275230760837739
Croatia,Espanyol,0.9273834862258461
Athletic Club,South Korea,0.9273332555539823
Espanyol,Getafe,0.9273204723059786
France,Ghana,0.9272856859170645
Sevilla,Ukraine,0.9271661694958665
Netherlands,Real Betis,0.9271573356086933
Ecuador,Saudi Arabia,0.9271497779379149
Ghana,Sevilla,0.9269792539408268
Serbia,United States,0.9269006881186518
Belgium,England,0.9268467230353292
Eibar,Espanyol,0.9265539044243515
Senegal,Serbia,0.9265187580694758
Real Sociedad,Turkey,0.9263575710306672
Denmark,Mexico,0.9263048090214328
Mexico,Senegal,0.9260875482683503
Espanyol,Germany,0.9260682443670307
Germany,Poland,0.9259910943731776
Argentina,Morocco,0.925849707892637
France,Russia,0.9257767418504105
Barcelona,Denmark,0.9256587109254009
Saudi Arabia,Wales,0.9255816591468801
Austria,Serbia,0.9254130983548108
Slovakia,Villarreal,0.925362196957804
Cameroon,Huesca,0.9253440954535732
Brazil,United States,0.9250456101354305
France,Saudi Arabia,0.924947164744609
Osasuna,Valencia,0.9248673698511077
Celta Vigo,Russia,0.9247964094057002
Serbia,Valencia,0.9247569835089711
Atlético Madrid,Portugal,0.9246122242550475
Croatia,Real Sociedad,0.9246040592255563
Leganés,Villarreal,0.9245849556037024
Ghana,Tunisia,0.9245481304423804
Czech Republic,Espanyol,0.9245220102539159
Iran,Real Valladolid,0.9244953737616316
Ghana,Real Madrid,0.9244890376818048
Atlético Madrid,Germany,0.9244689110312142
Iran,Poland,0.924312680848937
Belgium,Switzerland,0.9242825662200878
Osasuna,Sevilla,0.9242129167671641
Real Madrid,Villarreal,0.9240448964424693
Real Madrid,Scotland,0.924028065246308
Netherlands,Russia,0.9240181733633278
Ghana,Scotland,0.923973009187732
Huesca,Valencia,0.9237838191438218
Espanyol,Portugal,0.9237400042602246
Levante UD,Real Sociedad,0.9235153996830856
Levante UD,Saudi Arabia,0.9234963720471081
France,Uruguay,0.9234469447278839
Qatar,Real Sociedad,0.9233733756309803
Czech Republic,United States,0.9233539210455848
Croatia,Wales,0.9231689356547524
Uruguay,Villarreal,0.9231257495876828
Belgium,Germany,0.9230572064721027
England,Scotland,0.9229469136015483
Celta Vigo,Mexico,0.9228581531592149
Belgium,Poland,0.9226258965020694
North Macedonia,Portugal,0.9226033525407319
Levante UD,Turkey,0.9225385067502323
Croatia,Tunisia,0.9225259421628305
Cameroon,United States,0.9225191175006033
Eibar,Real Valladolid,0.9224903620170973
Portugal,Real Madrid,0.9223333691017073
Levante UD,Uruguay,0.9222206345569074
Denmark,Ghana,0.9221395412006257
North Macedonia,Real Betis,0.9220696344057145
Levante UD,South Korea,0.9220165576089165
Iran,Levante UD,0.9220083940860371
Czech Republic,Spain,0.9220066799005512
Portugal,Ukraine,0.9219577148721574
North Macedonia,Scotland,0.9219554521466498
Huesca,Real Sociedad,0.9219359266610251
Espanyol,Sevilla,0.9216811197121765
Croatia,Mexico,0.9216757865752377
Real Sociedad,Serbia,0.9212387492797033
England,North Macedonia,0.9211897923498134
Morocco,Spain,0.9211621798416066
Czech Republic,Iran,0.9210903786773799
Ghana,Netherlands,0.9209322783814932
Eibar,Sevilla,0.9208840569518366
Espanyol,Switzerland,0.9208712521167814
Cameroon,Czech Republic,0.9208707508181972
England,Poland,0.9208636009188926
Deportivo Alavés,Scotland,0.9206343474269745
Austria,Barcelona,0.9206240556885311
Tunisia,Wales,0.9206058836852538
North Macedonia,Poland,0.9205926129551582
Czech Republic,Levante UD,0.9205762082864674
Celta Vigo,Spain,0.9203473827330682
Atlético Madrid,Denmark,0.9203042817421768
Russia,Uruguay,0.9202071744989307
Qatar,Ukraine,0.920176209699364
Real Betis,Tunisia,0.9201745505215667
Croatia,Ukraine,0.9201491059445189
Real Sociedad,Saudi Arabia,0.9200079528147463
Morocco,Real Valladolid,0.919936424349559
Atlético Madrid,North Macedonia,0.9198052270999612
Athletic Club,Deportivo Alavés,0.9195799560459985
Italy,United States,0.9195534275843336
Real Madrid,South Korea,0.9194786726566964
Cameroon,Tunisia,0.9194632448291249
Ghana,Saudi Arabia,0.9193281091475078
North Macedonia,Real Madrid,0.9192906799317008
England,Morocco,0.9192853241238623
Celta Vigo,Portugal,0.9192395229325696
Eibar,Iran,0.9191661490263577
Leganés,Scotland,0.9190995234213771
Granada,Saudi Arabia,0.9190462958648898
Qatar,Tunisia,0.919038334798231
Czech Republic,Eibar,0.9189188593564352
Czech Republic,France,0.9188733033630586
Belgium,Tunisia,0.9188697883350768
Germany,Japan,0.9188117161907242
Australia,United States,0.9187572094628267
Qatar,Uruguay,0.9187450476683887
Australia,Slovakia,0.918629380231055
Australia,Scotland,0.9185305368633837
Senegal,Villarreal,0.9184643927690982
Japan,Wales,0.9183326596324198
Australia,Belgium,0.9183170365591937
Poland,Serbia,0.9182471923004129
Ecuador,United States,0.9178802996966872
Poland,Real Betis,0.91785471463116
Austria,Russia,0.9176549646970319
Eibar,Uruguay,0.9176458054055991
Brazil,Poland,0.9175261070818154
Espanyol,Mexico,0.9172597907113206
Espanyol,South Korea,0.9171898759348612
Italy,Real Madrid,0.9171584703561811
Belgium,Saudi Arabia,0.9171434808192314
Australia,Turkey,0.9171167178626961
Serbia,Ukraine,0.9169138909966731
Brazil,Russia,0.9168086251573003
Iran,Turkey,0.916763649072018
North Macedonia,Uruguay,0.9166882839555055
Belgium,Morocco,0.9166381662765779
Valencia,Wales,0.9166058308259766
Cameroon,Netherlands,0.9164764541069187
England,Uruguay,0.9163153990584012
Sweden,Uruguay,0.9163111953528712
Osasuna,Serbia,0.9162934169055492
Real Valladolid,Russia,0.916254116782031
Eibar,United States,0.9160156831680694
Czech Republic,England,0.9159989571082504
Poland,Real Sociedad,0.9159086803185016
Athletic Club,Scotland,0.9158818643252971
Italy,North Macedonia,0.9157990310611933
Qatar,Serbia,0.9157925326495548
Germany,Tunisia,0.9157390730398537
Croatia,Ghana,0.9152280375339703
Iran,Senegal,0.9151880320167236
Argentina,Canada,0.9151552120012817
Real Betis,Saudi Arabia,0.9151068412387361
Brazil,Ecuador,0.9151001998600085
South Korea,Turkey,0.9150993504931715
Eibar,Poland,0.9150902937028287
Athletic Club,Real Sociedad,0.9149337361923661
Brazil,North Macedonia,0.9147656527484258
Atlético Madrid,Croatia,0.9144486856022044
Morocco,Tunisia,0.9144424812731938
Athletic Club,Turkey,0.91442985929659
Atlético Madrid,Spain,0.9143613701383625
Japan,Switzerland,0.9142572712407799
Real Betis,Real Madrid,0.9142008343034234
Portugal,Scotland,0.9141151432858696
Sweden,Tunisia,0.9141020127572179
Atlético Madrid,Saudi Arabia,0.9139384917744532
Canada,Espanyol,0.9137841124456545
Canada,Tunisia,0.9137569014004103
Saudi Arabia,Serbia,0.913570942833468
Ghana,Uruguay,0.9135378490356966
Ghana,Slovakia,0.9132981018067178
North Macedonia,Villarreal,0.9132158841145679
Real Valladolid,Spain,0.9131943036583893
Germany,North Macedonia,0.9130527350646261
Barcelona,Real Madrid,0.913011441446381
Eibar,Senegal,0.9130073214614404
Atlético Madrid,Austria,0.9128488607650496
Spain,United States,0.9127982350952598
Belgium,Ukraine,0.9127887030048619
Canada,Saudi Arabia,0.9127782481552935
Deportivo Alavés,Qatar,0.9126728424025875
Ghana,Leganés,0.9125450432039293
Serbia,Villarreal,0.9125242042139325
Morocco,Uruguay,0.9124603217280255
Huesca,Villarreal,0.9123568354360494
Turkey,Villarreal,0.912352319665487
Croatia,North Macedonia,0.9123416089993702
Real Valladolid,Switzerland,0.9122263177616357
Portugal,Sevilla,0.9121857293768778
Qatar,United States,0.9121824096556707
Morocco,United States,0.9121663436676114
Athletic Club,Tunisia,0.91210703281636
Australia,Saudi Arabia,0.9120458656143569
Eibar,Serbia,0.9119949735034687
England,Ukraine,0.9118993121329713
England,South Korea,0.9118568503196289
Canada,Real Sociedad,0.9118260429654969
Cameroon,Real Madrid,0.9118026934935485
Serbia,Switzerland,0.9117283155242317
Germany,Sevilla,0.9116569931962472
Levante UD,Wales,0.911598301752505
Canada,Ecuador,0.9115706114743569
Iran,Saudi Arabia,0.9115166942767976
Denmark,Eibar,0.9114743492819161
Brazil,Espanyol,0.9114487781853341
Austria,Eibar,0.9114331103053419
Argentina,Switzerland,0.9111690266103071
Real Madrid,Real Sociedad,0.9111329573450998
Atlético Madrid,Mexico,0.9111186592839187
Celta Vigo,Morocco,0.9109796977451787
Argentina,Denmark,0.9107429432486627
Iran,Qatar,0.9106871575841303
Canada,Levante UD,0.9105717020968335
Barcelona,Ecuador,0.910512840296889
Levante UD,Scotland,0.9105068074654139
France,South Korea,0.910411738774488
Australia,Senegal,0.9102985387872552
France,Poland,0.9102944620504639
Denmark,Villarreal,0.9101843243798841
Ghana,South Korea,0.9100787454373612
Portugal,Tunisia,0.9100151980651712
Qatar,Sevilla,0.9097823744791719
North Macedonia,Saudi Arabia,0.909740585773253
Finland,Sevilla,0.9096113236014289
France,Real Betis,0.9095804416290421
Leganés,Real Sociedad,0.9095637238801191
Germany,Real Madrid,0.9095059183644338
Huesca,Uruguay,0.9094735084018244
Huesca,Wales,0.9094617021574002
Athletic Club,Czech Republic,0.9092940897159824
Barcelona,Senegal,0.9092820709346747
Italy,Russia,0.909103143555426
Finland,Levante UD,0.9088933299442156
France,Tunisia,0.9088908887793576
Australia,Austria,0.9087871154745959
Athletic Club,Saudi Arabia,0.9085935316179504
Denmark,Iran,0.9085883503335274
Real Betis,Wales,0.9085610089844204
Ecuador,South Korea,0.9085483829829539
Argentina,Croatia,0.9084174273422445
Poland,Wales,0.908379137443395
Espanyol,France,0.9082843437199886
Switzerland,Ukraine,0.9080667506972333
Finland,Iran,0.9080321852444481
Australia,Sweden,0.9079488054330195
Ukraine,Villarreal,0.9079378656966004
Croatia,Villarreal,0.9078801378219178
Finland,Sweden,0.9077107635984332
Argentina,Atlético Madrid,0.9074821433792623
Espanyol,Tunisia,0.907243664426108
Croatia,Iran,0.9072312504142512
Portugal,Real Betis,0.9072131034321266
Mexico,Poland,0.9070373257451892
Cameroon,Espanyol,0.9070370544162418
South Korea,Sweden,0.9070140545782073
Belgium,Scotland,0.9068812404163415
Barcelona,Morocco,0.9067182030460641
Canada,Switzerland,0.9066158050843552
Athletic Club,Levante UD,0.9065317766304655
Australia,Real Valladolid,0.9064471462726056
Australia,Valencia,0.9063729311276469
Saudi Arabia,Villarreal,0.9059027527286153
Espanyol,Spain,0.9058749072319531
Mexico,United States,0.9058125721661561
Australia,Levante UD,0.9057154516571438
Austria,Qatar,0.9055753537500103
Croatia,Eibar,0.9055582322456112
Ghana,Poland,0.9053750470082328
England,Real Sociedad,0.9052600939446093
Argentina,Netherlands,0.9050412747320009
Celta Vigo,Italy,0.904949309695637
Netherlands,Serbia,0.9047039904535434
Hungary,Slovakia,0.9046406829307673
Canada,Scotland,0.9046148262596181
Canada,Poland,0.9045392405531627
Atlético Madrid,Levante UD,0.9043374094864619
Finland,South Korea,0.9042897189937628
Morocco,Russia,0.9042542527535712
Morocco,Saudi Arabia,0.9042383762793125
Barcelona,Real Valladolid,0.9041923264175116
Huesca,Qatar,0.9038122478333499
Huesca,Turkey,0.9037551543405508
Espanyol,Italy,0.9036889530793992
Celta Vigo,Switzerland,0.9036450685121562
Belgium,Italy,0.9036177587319038
Italy,Real Valladolid,0.9034193354481749
Netherlands,Villarreal,0.9032222211070874
Athletic Club,Real Valladolid,0.9032030383434875
Iran,Tunisia,0.9031906014965961
Ecuador,Japan,0.9029760641749702
Qatar,Real Valladolid,0.9027767968183078
Athletic Club,Ghana,0.9026852376131054
Brazil,Saudi Arabia,0.9025346847469279
Real Valladolid,Ukraine,0.9024778368809743
Czech Republic,Japan,0.9023817143860157
Athletic Club,Senegal,0.90235108102743
Sevilla,Valencia,0.9021701998192339
Espanyol,Levante UD,0.9021137111287337
Czech Republic,Poland,0.9020734248092025
Getafe,Granada,0.9020672630203822
Real Madrid,Saudi Arabia,0.901953244507881
Brazil,Celta Vigo,0.9019489800864329
Czech Republic,Real Sociedad,0.9018914038048913
Cameroon,Switzerland,0.9018836984022668
France,Mexico,0.9018497864877563
Czech Republic,Morocco,0.9018477222112689
Espanyol,Granada,0.901764907329994
Leganés,Tunisia,0.9016650955088834
Athletic Club,Sweden,0.9015840158208224
Germany,Wales,0.9014754796294686
Iran,United States,0.9013914490435575
Ecuador,Espanyol,0.9013816084492243
Eibar,Russia,0.901351534080014
Leganés,North Macedonia,0.901198833981393
Serbia,Tunisia,0.9011566528126856
Osasuna,Villarreal,0.9011315818289867
North Macedonia,Sevilla,0.900705229019921
Australia,Denmark,0.9006132716427288
Atlético Madrid,Poland,0.9005649638264596
Belgium,Turkey,0.9004847263135437
France,Sevilla,0.9004295447632906
Belgium,Huesca,0.900389221299514
Levante UD,Valencia,0.8999884295353403
Belgium,Wales,0.8999179430308566
Huesca,Real Valladolid,0.8998075142329077
Deportivo Alavés,Iran,0.8995132972810739
Portugal,Real Sociedad,0.8994424301346932
Belgium,Czech Republic,0.8994252849795773
Osasuna,South Korea,0.8991829745231733
Finland,Serbia,0.8991021027085984
Leganés,Real Valladolid,0.898829061242881
Atlético Madrid,Russia,0.8987835961967996
Real Madrid,Tunisia,0.8986669654734448
Atlético Madrid,United States,0.8986514335974171
Cameroon,Slovakia,0.8986107210457577
Real Valladolid,Serbia,0.8985882695560811
Ecuador,North Macedonia,0.8985814931460857
Barcelona,Switzerland,0.8985662036810258
Germany,Scotland,0.8984944245619374
Huesca,Sevilla,0.8984798261681747
Austria,Mexico,0.8984712439311653
Osasuna,Wales,0.8984110065746028
Real Madrid,Uruguay,0.8982318097384004
Germany,Ukraine,0.8982135432540654
Turkey,Uruguay,0.898141029094623
Levante UD,Netherlands,0.8977788761986314
Osasuna,Uruguay,0.8977668179960643
Atlético Madrid,Ghana,0.8977610978997195
Ghana,Morocco,0.8976741383653657
Italy,Saudi Arabia,0.8975747804398578
Athletic Club,Costa Rica,0.8975738498309538
Turkey,Wales,0.8973813070169451
Mexico,Morocco,0.8973556090397491
Espanyol,Iran,0.8973491868588038
Canada,Uruguay,0.8973116680661983
North Macedonia,Switzerland,0.8972329386631542
England,Real Betis,0.8971630920639402
Celta Vigo,Japan,0.8971321472711323
Austria,Iran,0.8969777705744948
Ghana,Qatar,0.8968051373050775
Deportivo Alavés,Osasuna,0.8967732244007233
Canada,Real Betis,0.896717365585735
Belgium,Spain,0.8966268931504587
Qatar,Slovakia,0.8965500757034315
Saudi Arabia,Spain,0.8965328252382664
Real Madrid,Switzerland,0.8965313465683183
Huesca,Sweden,0.8963792603932865
Cameroon,Qatar,0.8962786548219202
Levante UD,United States,0.8962056239943805
Finland,Real Betis,0.8962027757926134
Eibar,South Korea,0.8961627189585792
England,Sevilla,0.8961374407838378
Athletic Club,Austria,0.8959178662632263
North Macedonia,South Korea,0.8958943274122082
Scotland,Switzerland,0.8957589602891006
Iran,Real Sociedad,0.8954837760694933
Czech Republic,Tunisia,0.895373889829595
Huesca,Slovakia,0.8953495657863643
Ghana,Turkey,0.8953203345641195
Austria,Wales,0.8952723735876534
Granada,Levante UD,0.8950983645826375
Huesca,Iran,0.8949513863051307
Czech Republic,Valencia,0.8948975162487546
Atlético Madrid,Belgium,0.8946935810841519
Denmark,Japan,0.8945962952201132
Costa Rica,Huesca,0.8944561669954398
Spain,Uruguay,0.8944373550934182
Argentina,Senegal,0.8942915092027729
Celta Vigo,Czech Republic,0.8941546075892594
Japan,Uruguay,0.8941327051080984
United States,Wales,0.893836623027985
Athletic Club,Slovakia,0.8937925569210731
Celta Vigo,France,0.8934109773170391
Levante UD,Poland,0.893244628887217
Atlético Madrid,Switzerland,0.893244176618224
Cameroon,France,0.8931296026374537
Czech Republic,Mexico,0.8930876883021801
France,Scotland,0.8930794573310225
Real Betis,Switzerland,0.8930329517818228
France,Real Sociedad,0.8930325280693686
Barcelona,Celta Vigo,0.8930295282035058
Sweden,Switzerland,0.8930196689320791
Finland,Hungary,0.892714261785102
Ghana,Ukraine,0.892636781675027
Finland,Uruguay,0.8925026229931307
Athletic Club,Denmark,0.8921599966639195
Australia,Croatia,0.8920993088465019
Russia,South Korea,0.8920899148205493
Canada,Russia,0.8920214583524605
Germany,Levante UD,0.8919678471980588
Finland,Slovakia,0.8918507050141274
Uruguay,Valencia,0.8917791572420736
Real Madrid,Spain,0.8914174614478688
Celta Vigo,England,0.8913579214211947
Netherlands,Wales,0.8913501884000994
Brazil,Levante UD,0.8910975063391012
Levante UD,Morocco,0.8910756192339774
Australia,Leganés,0.8908722721424095
Mexico,Real Madrid,0.8908629895872401
Ecuador,Real Valladolid,0.8907889938398342
Australia,Netherlands,0.8907315763856919
Mexico,Saudi Arabia,0.8906807949112532
Levante UD,North Macedonia,0.8904467612742142
Qatar,South Korea,0.8903359632806679
Austria,Huesca,0.8903242479178461
Czech Republic,Turkey,0.8902618117990931
Deportivo Alavés,Villarreal,0.8902521011127218
Barcelona,North Macedonia,0.8902394954342625
Japan,Russia,0.8901619468664383
England,Ghana,0.8901168597279014
Brazil,South Korea,0.8900342398324893
Australia,Ukraine,0.8898256792126129
Ecuador,Ukraine,0.8897844194465695
France,Japan,0.8897290204296331
Barcelona,United States,0.8895102606304705
Germany,Real Betis,0.8894454932515897
Huesca,Senegal,0.8893303462048779
Japan,Senegal,0.8891893173733033
Barcelona,Mexico,0.8891501321954558
England,Tunisia,0.8890964027413386
Canada,Mexico,0.8887901345401282
Serbia,Slovakia,0.8886094826809611
Athletic Club,Hungary,0.8885527928420922
Celta Vigo,Denmark,0.8884939491168522
Levante UD,Serbia,0.8884067830807019
Levante UD,Portugal,0.8883869931704931
Belgium,Serbia,0.8883431835990898
Espanyol,North Macedonia,0.8883279035775056
Eibar,Osasuna,0.8883105671965991
Real Madrid,Ukraine,0.8882158406078321
Deportivo Alavés,Real Valladolid,0.8882049315727728
Senegal,Sweden,0.8881422349921377
Saudi Arabia,Sweden,0.8879899701722404
Real Betis,Valencia,0.8879666687979367
Barcelona,Ghana,0.8877400138206823
Cameroon,Sweden,0.8876656106305184
Scotland,Turkey,0.8876212510815956
Getafe,Russia,0.8875807518940009
Ecuador,Real Sociedad,0.8870800173840138
Italy,Poland,0.8870674747895437
Sevilla,Slovakia,0.8868287165959611
Costa Rica,Finland,0.8867932899513102
Real Sociedad,Switzerland,0.8865635544122868
Espanyol,Leganés,0.8865301734277218
Qatar,Senegal,0.8863916423854441
Barcelona,Saudi Arabia,0.8862584428678651
Russia,Scotland,0.8862329301445906
Ecuador,Scotland,0.8860945041623732
Belgium,Ecuador,0.8860415601235181
Morocco,Sweden,0.8859934141412776
Barcelona,Russia,0.8858710958795781
Espanyol,Real Sociedad,0.885824755316696
Brazil,Uruguay,0.8857161585853796
Deportivo Alavés,Eibar,0.8854924692103031
Osasuna,Qatar,0.8852921090119082
Belgium,Qatar,0.8852327161385791
Costa Rica,Qatar,0.8851338723560235
Belgium,Slovakia,0.8851061418662682
Russia,United States,0.8850709195650752
Argentina,Austria,0.8844958625328225
South Korea,Spain,0.8843971610055086
Croatia,Turkey,0.8839315303285341
Mexico,Uruguay,0.8834299125932222
Czech Republic,Ukraine,0.8834168749021237
Canada,Villarreal,0.8834126346735995
Mexico,South Korea,0.8832780404677204
Hungary,Qatar,0.8831379417384444
Huesca,Saudi Arabia,0.8830839719759318
Ecuador,Wales,0.8829359336704633
Athletic Club,Belgium,0.8827280718638498
Czech Republic,Huesca,0.8825790955467271
Barcelona,Levante UD,0.8825102242197786
Canada,Ukraine,0.8824951239778226
Austria,Turkey,0.8824940236984731
Celta Vigo,Croatia,0.8823690645574112
Denmark,Qatar,0.8821647936689311
Australia,North Macedonia,0.8821420923495853
Ghana,Portugal,0.8821307053708084
Germany,Real Sociedad,0.8819769155285904
Brazil,Ghana,0.8819476302115683
Denmark,Huesca,0.8815656184274328
Osasuna,Poland,0.8815440541598909
Brazil,Tunisia,0.8814823386923963
Eibar,Germany,0.8812093612925779
Ecuador,Sevilla,0.8809326838484559
Espanyol,Villarreal,0.8808953449958772
Poland,Spain,0.8808381457501794
Portugal,Serbia,0.8808313709659155
Huesca,Tunisia,0.8806939632269739
Brazil,Czech Republic,0.8806432215413602
Athletic Club,Leganés,0.8806116843791292
South Korea,Valencia,0.8805015123524039
Espanyol,Morocco,0.8803575596045332
Levante UD,Switzerland,0.8803188133966644
Denmark,Sweden,0.8802110385253888
Eibar,Portugal,0.8800191493775362
Atlético Madrid,Ecuador,0.8799822875372677
Celta Vigo,Senegal,0.879971446065004
Eibar,Netherlands,0.8799438730501564
Real Valladolid,Wales,0.8799400695875944
Granada,Huesca,0.8797904265265118
Leganés,Saudi Arabia,0.8797653767492597
Morocco,South Korea,0.8796559711619921
Eibar,Tunisia,0.8795744343442641
Ecuador,Tunisia,0.8794126399812955
Huesca,South Korea,0.8786859682646034
Canada,Sevilla,0.8786846458749137
Finland,Osasuna,0.8786743531902107
Huesca,North Macedonia,0.8784624017608467
Athletic Club,Croatia,0.8783826542045515
England,Levante UD,0.878372285316873
Real Sociedad,Wales,0.8783604153831919
Huesca,Scotland,0.8782937907349678
France,Villarreal,0.8782351070168855
Morocco,Real Madrid,0.8781872442334588
Osasuna,Scotland,0.8780860421652071
Athletic Club,United States,0.8780195370702374
Ghana,Iran,0.8779649391084849
Ecuador,Real Betis,0.8778644912180805
Iran,Real Madrid,0.877741260251719
Austria,Leganés,0.8775702908404253
Morocco,Poland,0.8774695729112403
Argentina,Czech Republic,0.8774417553153718
Portugal,Wales,0.8772719983890889
Atlético Madrid,Celta Vigo,0.8772518450586982
Australia,Czech Republic,0.8771703126522175
Eibar,Ukraine,0.8770025595551311
Germany,Serbia,0.876777664737638
Croatia,Japan,0.8767094004423511
Canada,South Korea,0.8766757805400628
Morocco,Real Sociedad,0.876418873461221
Eibar,Real Madrid,0.8762824936345054
Belgium,Finland,0.8760045907409075
Granada,Leganés,0.875921635545478
North Macedonia,Qatar,0.8757195225100775
Brazil,Sevilla,0.875669209779006
Levante UD,Tunisia,0.8756494857866128
France,Wales,0.8752770509472012
Cameroon,Portugal,0.8752768234690413
Scotland,Spain,0.8752130064343411
Denmark,Turkey,0.8751461469530822
Saudi Arabia,Ukraine,0.8751437502536884
Espanyol,Serbia,0.8751012250003054
Canada,Czech Republic,0.8749403323173021
Espanyol,Real Betis,0.8748983155556984
Ghana,Hungary,0.8747885206524648
Poland,Russia,0.8740861719783236
Espanyol,Ghana,0.8736097346486452
Eibar,Real Betis,0.8734975023532001
Cameroon,Germany,0.8734827871406948
Sevilla,Sweden,0.8733029787363461
Leganés,United States,0.8731628681892328
Belgium,Iran,0.8728513776538026
Slovakia,Ukraine,0.8724204142735789
Getafe,Saudi Arabia,0.872307044536262
Barcelona,Espanyol,0.8721847584227161
Australia,Switzerland,0.8721041049198694
Cameroon,Granada,0.8720138914164196
Ecuador,Serbia,0.8719019872075058
Huesca,Leganés,0.8718554994342167
Villarreal,Wales,0.8717994745921137
Athletic Club,Poland,0.8715848957620562
Scotland,Slovakia,0.8714935518785121
Cameroon,North Macedonia,0.8714318098005315
Russia,Sevilla,0.8713803635140677
Deportivo Alavés,Huesca,0.8710987545568305
Japan,Saudi Arabia,0.8710976894055447
Cameroon,England,0.871037234475758
Ecuador,Poland,0.8710191874550027
Japan,Portugal,0.8709850016389015
Czech Republic,Real Madrid,0.8709090292469477
Osasuna,Tunisia,0.8708953662322613
Atlético Madrid,Tunisia,0.8708511548154307
France,Ukraine,0.8707538440299095
Eibar,Switzerland,0.870698449332065
Poland,Qatar,0.8705582988317644
Cameroon,Leganés,0.8705413024350349
Morocco,Wales,0.8704462715879101
Finland,Villarreal,0.8704327369417735
Italy,Ukraine,0.8702057030754325
Ghana,Wales,0.8701857678782556
Croatia,Qatar,0.8695306625778959
Levante UD,Russia,0.8692366114484371
Leganés,Senegal,0.8688923098821036
Cameroon,Ukraine,0.8686837627048647
Czech Republic,Sweden,0.8686029271091755
Morocco,Real Betis,0.8685049674064981
France,Huesca,0.86817712280395
Huesca,Serbia,0.8681560766873383
Finland,Ghana,0.8678597809375828
Osasuna,Real Valladolid,0.8678479626646995
Germany,Ghana,0.8677267958839572
Celta Vigo,Netherlands,0.8675913188539963
Eibar,Saudi Arabia,0.8671644822288916
Barcelona,Real Sociedad,0.866888498711957
Japan,South Korea,0.8668468488462002
Qatar,Wales,0.8666250078730835
Iran,Switzerland,0.8666246187319065
Iran,Netherlands,0.8666034118998601
Hungary,Real Betis,0.8665802949593694
Huesca,Morocco,0.8663777334398307
Croatia,Huesca,0.8663523974924047
Saudi Arabia,Turkey,0.8662205821356512
Australia,Real Madrid,0.8660507036713073
Osasuna,Real Betis,0.8660429089076729
Scotland,Wales,0.8660237063709245
Italy,Uruguay,0.8659867351720711
Mexico,Real Valladolid,0.8655487289199144
Germany,Sweden,0.8653901052294248
Ecuador,Levante UD,0.8650579456461494
North Macedonia,Spain,0.8649769256412579
Atlético Madrid,Scotland,0.8649164274067227
Ghana,Switzerland,0.8648816768615679
Australia,Hungary,0.8648360844227149
Spain,Ukraine,0.864768743574567
Czech Republic,Qatar,0.8647401567503722
Australia,Deportivo Alavés,0.8646694097853354
Barcelona,Real Betis,0.864640249525496
Czech Republic,Italy,0.8644470014108997
Czech Republic,Finland,0.8642653966797414
Finland,Real Sociedad,0.8642486923036327
Eibar,England,0.8642436496584939
France,Sweden,0.8639922319533189
Leganés,Real Betis,0.8635769569038466
Deportivo Alavés,Real Betis,0.8635188433908809
Brazil,Scotland,0.863452704873873
Italy,Scotland,0.863299772381465
Eibar,Qatar,0.8632989748559832
Belgium,Sweden,0.8632514948464165
Poland,Sweden,0.8631483321498573
Valencia,Villarreal,0.8631359270976869
Levante UD,Sweden,0.8630989121392322
Italy,South Korea,0.8630657426615174
Granada,Senegal,0.862886271938909
Canada,Celta Vigo,0.8626680475440774
Eibar,Mexico,0.8625515830442854
Cameroon,Canada,0.862331882116585
Deportivo Alavés,Uruguay,0.862195605859038
Ghana,Italy,0.8621467723399783
Croatia,Sweden,0.8620956930048239
Senegal,Turkey,0.8618812204542173
Morocco,Sevilla,0.8616646557743054
Ghana,Serbia,0.8615118650106872
Belgium,Espanyol,0.8614483088110576
Leganés,Qatar,0.8612824216944469
Slovakia,South Korea,0.8612750304985048
Real Valladolid,Turkey,0.8612626094949744
Qatar,Turkey,0.8611843709329715
Atlético Madrid,Uruguay,0.8611501692224423
England,Villarreal,0.8609967467619318
Czech Republic,Ghana,0.8609614037677084
Czech Republic,Villarreal,0.8608658721062074
Czech Republic,North Macedonia,0.8607342621610702
Italy,Real Sociedad,0.8604358713189352
Eibar,Spain,0.8604051582557602
Barcelona,Czech Republic,0.8601131930158417
Austria,Slovakia,0.8600385774827204
Atlético Madrid,Sevilla,0.8599846334449087
Canada,Leganés,0.8595059820365678
Cameroon,Eibar,0.8593696065169363
Morocco,Ukraine,0.8591710014148862
Sevilla,Spain,0.8591617637804446
Leganés,Poland,0.8588235122915082
Iran,Sweden,0.8587372851612303
Russia,Wales,0.8586312834683578
Morocco,Scotland,0.8584529156379304
Real Madrid,Russia,0.85844429694878
Atlético Madrid,South Korea,0.8584354408598247
Deportivo Alavés,Real Sociedad,0.8584048326813305
Italy,Tunisia,0.8582155428040312
Slovakia,Valencia,0.8580945651762191
Saudi Arabia,Valencia,0.8579978590463188
Mexico,Tunisia,0.8579191100844186
Atlético Madrid,Granada,0.8578671148454047
Deportivo Alavés,Espanyol,0.8573149021960235
Eibar,Villarreal,0.8573034198326984
Leganés,Sevilla,0.8572444487992438
Espanyol,Wales,0.8572358167370762
Real Madrid,Serbia,0.8567322378229499
Brazil,Real Betis,0.8567070491972568
Leganés,Uruguay,0.856349238355561
Levante UD,Osasuna,0.8561621067130762
Turkey,United States,0.8559256410263684
England,Serbia,0.8558466950009004
Cameroon,Deportivo Alavés,0.8558409705371681
Brazil,Ukraine,0.8557329600935958
Levante UD,Slovakia,0.855719429755147
Deportivo Alavés,Tunisia,0.8553027620044513
Argentina,Saudi Arabia,0.8549693448731798
Atlético Madrid,Real Sociedad,0.8549545595237658
Argentina,Espanyol,0.854832088821247
Celta Vigo,Saudi Arabia,0.8548195831882405
Russia,Serbia,0.8548161900943876
Japan,Tunisia,0.8546391604720925
Deportivo Alavés,Valencia,0.854622348641492
Athletic Club,Netherlands,0.854429538721444
Cameroon,Russia,0.8543596753853329
Australia,Espanyol,0.8542667373199453
Huesca,Osasuna,0.8539208480086848
Iran,Slovakia,0.8537732977445367
Ecuador,Real Madrid,0.8537434643571999
Ghana,Granada,0.8536614066188141
Australia,Costa Rica,0.8533533199649901
Athletic Club,Granada,0.853205680901498
Czech Republic,Osasuna,0.8531460977372584
Scotland,Valencia,0.8530796060999849
Slovakia,Uruguay,0.8525738040054102
Brazil,Real Sociedad,0.8525326702536856
Mexico,Sevilla,0.8523828138785494
Canada,Huesca,0.8523266426361228
Iran,Ukraine,0.852142635368659
Iran,Leganés,0.8518705597696244
Mexico,North Macedonia,0.8517654274797645
Argentina,Real Valladolid,0.8516713427620848
Athletic Club,Espanyol,0.8516521019544181
Brazil,Japan,0.8515924590076426
Granada,Real Valladolid,0.851308296984342
Eibar,Real Sociedad,0.8512546400572787
Portugal,Villarreal,0.8511985100138759
Barcelona,Scotland,0.8511115004766439
Russia,Tunisia,0.8510517933600533
Granada,Valencia,0.850898107693256
Espanyol,Ukraine,0.8508925298866259
Ukraine,Wales,0.8508299867652732
Real Betis,Spain,0.8508264107850679
Hungary,Villarreal,0.8507353674882573
Argentina,Belgium,0.8502684446471974
Barcelona,South Korea,0.8501154639536603
Atlético Madrid,Cameroon,0.8500586937123746
Austria,Celta Vigo,0.8499547096476724
Athletic Club,Switzerland,0.8498588804784513
Deportivo Alavés,Sevilla,0.849858233893168
Qatar,Valencia,0.849857610429204
Austria,Deportivo Alavés,0.849609460050687
Croatia,Finland,0.8495667435058499
Brazil,Cameroon,0.8492693502345521
Japan,Netherlands,0.8492686755806698
Denmark,Finland,0.8490677698588341
Huesca,United States,0.8490146966222728
Mexico,Ukraine,0.8489224585702906
Athletic Club,Eibar,0.8486466380402985
Levante UD,Spain,0.8484481502123061
Japan,Mexico,0.8483091799393472
Barcelona,Poland,0.8482836513852097
Netherlands,Qatar,0.8480808265731654
Netherlands,Turkey,0.8478164022357713
Slovakia,United States,0.847761218638511
Celta Vigo,Espanyol,0.8473609370355656
Osasuna,Senegal,0.8473117931291035
Hungary,Turkey,0.8472353379481753
Finland,Qatar,0.8472011840955871
Atlético Madrid,Czech Republic,0.8469653352867473
Levante UD,Qatar,0.8469013155113937
Real Sociedad,Valencia,0.846838882692955
Ghana,Sweden,0.8467950973034815
Turkey,Ukraine,0.8466363191428239
Osasuna,Saudi Arabia,0.8466113169673295
Osasuna,Sweden,0.8463907477928104
Spain,Tunisia,0.8462955956435941
Argentina,United States,0.8462663466953604
Ecuador,Eibar,0.8462656904776913
Deportivo Alavés,Senegal,0.8461584895123656
Switzerland,Villarreal,0.8460689368688323
Osasuna,Turkey,0.8459241182723398
Barcelona,Uruguay,0.8457855916030124
Belgium,Russia,0.8456317842071793
Netherlands,Sweden,0.845503015210674
North Macedonia,Wales,0.8453145421795658
Hungary,Real Sociedad,0.8447699538122423
Japan,Levante UD,0.8447693270418295
Leganés,Netherlands,0.8447228130149838
Australia,France,0.844093934049887
Athletic Club,Ukraine,0.84388544282703
Ecuador,Ghana,0.8436995497564824
Japan,Spain,0.8435747104334584
Leganés,Levante UD,0.8435342226522483
Austria,Japan,0.8433670510942926
Italy,Levante UD,0.8433531584763415
Granada,Uruguay,0.8432239820486763
Deportivo Alavés,Serbia,0.8431134146675768
Argentina,Japan,0.8428437506540037
Atlético Madrid,Villarreal,0.8425566528876254
Iran,Russia,0.8425148316404875
Huesca,Japan,0.8420959830001257
Hungary,Valencia,0.8410273746225517
Argentina,Real Madrid,0.8409741796775952
Italy,Sevilla,0.8409735966909014
Mexico,Scotland,0.8409067455091505
Costa Rica,Valencia,0.8408364189575424
Argentina,North Macedonia,0.8404324674560164
Real Sociedad,Spain,0.8404222373650017
Qatar,Saudi Arabia,0.840217845929812
Granada,Russia,0.8401875137498659
Real Madrid,Wales,0.840176964571111
Austria,Sweden,0.8401229321960424
Espanyol,Osasuna,0.8396790131770379
Germany,Iran,0.8396333603184227
Athletic Club,North Macedonia,0.8395939421738334
Barcelona,Ukraine,0.8390641288010592
Real Valladolid,Sweden,0.8388556856880945
Cameroon,Ecuador,0.838710426776293
Italy,Real Betis,0.8385041676588318
Deportivo Alavés,Saudi Arabia,0.838405639480579
Real Madrid,Turkey,0.8381372655990479
Canada,Japan,0.8380705054669927
Barcelona,Sevilla,0.8376567792139045
Eibar,France,0.8375249684145434
Sweden,Valencia,0.8374695482452544
Denmark,Osasuna,0.837203115988883
Leganés,Real Madrid,0.8370301805820056
Real Betis,Russia,0.8368232493449601
Finland,Saudi Arabia,0.8366506773313456
Real Valladolid,Valencia,0.8366170139970738
Osasuna,United States,0.8365151992518497
Senegal,Valencia,0.8364277350663843
Cameroon,Morocco,0.8363334855680105
Finland,Tunisia,0.8362818549439406
Sweden,United States,0.836088926946079
France,Iran,0.8359945172079556
Czech Republic,Granada,0.8359708080594898
Eibar,Levante UD,0.8358771876049044
Poland,Turkey,0.8356550756954423
France,Serbia,0.835387912080563
Finland,Senegal,0.8353104121851611
North Macedonia,Sweden,0.8353000184615202
Athletic Club,France,0.8351363842680953
Huesca,Netherlands,0.8349452609760605
Eibar,Wales,0.8344930143192963
North Macedonia,Slovakia,0.8342907046763166
France,Qatar,0.8342207711023628
Australia,Eibar,0.8340675477563577
Brazil,Villarreal,0.8340179742303473
Atlético Madrid,Real Betis,0.833951988334091
Getafe,Senegal,0.8336878308902357
Iran,Portugal,0.8335553937473568
Denmark,Valencia,0.8335309146998154
Deportivo Alavés,United States,0.8334806655446608
Serbia,Sweden,0.8334539336440395
Barcelona,Cameroon,0.8333112289155831
Deportivo Alavés,Ghana,0.8331434847809017
Germany,Villarreal,0.832911820399233
Costa Rica,Sweden,0.8327638179178969
Croatia,Osasuna,0.8327194326115303
Celta Vigo,Uruguay,0.8322022583191933
Granada,Iran,0.8321711171550136
Australia,Germany,0.8314978888348195
Atlético Madrid,Leganés,0.8312512790847272
North Macedonia,Serbia,0.8305101541610549
Belgium,Mexico,0.8301033183892093
Argentina,Uruguay,0.8299654619846543
Croatia,Valencia,0.8298125646150505
Switzerland,Turkey,0.8293466214685655
Finland,Japan,0.8288096767210151
North Macedonia,Russia,0.8287973603079393
Granada,Sweden,0.8282866189225626
Leganés,Osasuna,0.828224764289213
Australia,Canada,0.828080713820293
Australia,Portugal,0.8280440123972193
Celta Vigo,Levante UD,0.8279791122483581
Ecuador,Sweden,0.8279008072211193
Costa Rica,Wales,0.8278452432250063
Levante UD,Ukraine,0.827602298828496
Atlético Madrid,Japan,0.8275652570366473
Austria,Finland,0.8274749689079121
Czech Republic,Deportivo Alavés,0.8270435763586444
Slovakia,Wales,0.8269172618558864
Belgium,Japan,0.8268560455422115
Japan,Sevilla,0.8265266304593185
Brazil,Eibar,0.8263119065948535
Granada,Wales,0.826305761740594
Hungary,Levante UD,0.8262240534557248
Granada,Scotland,0.8261956622775282
Brazil,Wales,0.8256820945473027
Serbia,Spain,0.8256190628118266
Slovakia,Tunisia,0.8253223491182696
Japan,Real Valladolid,0.8252328347280532
Cameroon,Hungary,0.825199208624965
Espanyol,Japan,0.8251934220095554
Granada,Sevilla,0.8251632559323571
Cameroon,Spain,0.8251057693817325
Atlético Madrid,Getafe,0.8251057216726202
Real Betis,Sweden,0.8247768114933746
Portugal,Qatar,0.8247659147720805
Ghana,Valencia,0.8247394552395776
England,Wales,0.8245771394174655
Leganés,Ukraine,0.82449299856859
Canada,Eibar,0.8242098952523496
Ghana,Spain,0.8238810958400362
Portugal,Sweden,0.8238555215845956
Granada,Real Sociedad,0.8235866654804088
Austria,Granada,0.823308846711193
Leganés,South Korea,0.8232676765000422
Canada,Qatar,0.8232074058248632
Real Valladolid,Slovakia,0.8230859947583192
Athletic Club,Germany,0.8228623584907235
Morocco,Villarreal,0.8227274542142266
Osasuna,Real Sociedad,0.8225158787186728
Finland,Real Valladolid,0.8223114868668557
Australia,Granada,0.8222627732037223
Ecuador,Huesca,0.8212826555884152
Austria,Valencia,0.8212303100902406
Austria,Osasuna,0.8211041831346427
Denmark,Leganés,0.820815765729162
Eibar,Getafe,0.8207472098732834
Germany,Huesca,0.8207205574501113
Belgium,Hungary,0.8206392524423968
Real Sociedad,Russia,0.8206234821756356
Barcelona,Villarreal,0.8204698060649587
Deportivo Alavés,Levante UD,0.8203995324764362
Getafe,Leganés,0.8201573050187084
Mexico,Wales,0.820016232084463
Canada,Granada,0.8199784278360266
Huesca,Poland,0.8199631609190529
Athletic Club,Japan,0.8198029963221503
Denmark,Granada,0.819570818465005
Sweden,Villarreal,0.8194412739905891
Qatar,Switzerland,0.819188376247106
Huesca,Switzerland,0.8189358511870635
Deportivo Alavés,Getafe,0.8188849529184442
Canada,Wales,0.8187618097828625
Deportivo Alavés,Granada,0.8186198458367265
Iran,North Macedonia,0.8184534762969053
Finland,Switzerland,0.818447629481698
Canada,Sweden,0.8175828564833376
Espanyol,Huesca,0.8174080982943325
Eibar,North Macedonia,0.8166481813498171
Argentina,Levante UD,0.8164504872091077
Australia,Morocco,0.8162706440942956
Tunisia,Turkey,0.8160470914451855
Leganés,Slovakia,0.8159920280082682
Netherlands,Slovakia,0.8157470003636063
Belgium,Leganés,0.8156642533768288
Athletic Club,Russia,0.8153720868527381
Granada,South Korea,0.8152806186313295
Finland,Poland,0.8152241993467687
Denmark,Slovakia,0.8151175483360094
Granada,Netherlands,0.8150305642726282
Real Sociedad,Sweden,0.8149540928537301
Russia,Sweden,0.8147673209135039
Croatia,Slovakia,0.8147467446794658
Japan,Poland,0.8147244586628184
Granada,Villarreal,0.8146965252918081
Granada,Japan,0.8144961044198163
Senegal,Slovakia,0.8144301471800373
England,Iran,0.8134477834712767
Cameroon,Japan,0.8133587871127468
Eibar,Leganés,0.813014102906118
Espanyol,Sweden,0.8129735703376544
France,Granada,0.8129147623256239
Japan,North Macedonia,0.8128784159719935
Celta Vigo,Real Valladolid,0.812860126433177
Germany,Qatar,0.812676747414298
Athletic Club,Portugal,0.8123171684949528
Australia,England,0.812080663830674
Denmark,Deportivo Alavés,0.8119203117312721
Spain,Wales,0.8118378045905038
Portugal,Turkey,0.8117176188688573
Athletic Club,Morocco,0.8117044451108293
Morocco,Qatar,0.8113497417210438
Huesca,Real Madrid,0.8111955530708466
Costa Rica,Slovakia,0.8111395816750155
Ghana,Osasuna,0.8109999140703698
Barcelona,Tunisia,0.8108204833184786
Argentina,South Korea,0.8107654557221247
Getafe,Real Valladolid,0.8107044043162888
Saudi Arabia,Slovakia,0.8105986113351077
Deportivo Alavés,Poland,0.810571418578793
Qatar,Sweden,0.8104791728571726
Granada,Morocco,0.8103558869461033
Japan,United States,0.8097507505798999
Huesca,Ukraine,0.8096492854836986
Costa Rica,Osasuna,0.8096428271872615
Ecuador,Turkey,0.8095558997166483
Russia,Ukraine,0.8094969767582421
Cameroon,Italy,0.8094398393908309
Celta Vigo,South Korea,0.809409626536189
Athletic Club,Ecuador,0.8093967876510042
Qatar,Real Madrid,0.8093956633304262
Finland,Scotland,0.8086466192649513
Brazil,Sweden,0.8086449657887149
Huesca,Portugal,0.8083483619233156
Belgium,Valencia,0.8082884488902895
Mexico,Serbia,0.8079645266956937
Italy,Japan,0.8075365520513552
Atlético Madrid,Ukraine,0.8074423956476828
Eibar,Valencia,0.8069615140035796
Deportivo Alavés,South Korea,0.8069304758629096
Celta Vigo,Wales,0.8069257720757008
Granada,North Macedonia,0.8067223308596696
Osasuna,Real Madrid,0.8066785763118414
Deportivo Alavés,North Macedonia,0.8063947971141822
England,Japan,0.8061981115894755
Athletic Club,Real Madrid,0.8057915223967602
Granada,Tunisia,0.8055411351305458
Atlético Madrid,Eibar,0.8055037434881666
Finland,United States,0.8052852396911365
Celta Vigo,Real Madrid,0.8052662749993778
Czech Republic,Getafe,0.8046989530113332
Espanyol,Valencia,0.8045617916814188
England,Turkey,0.8042779233650537
Athletic Club,Canada,0.8042343738699156
France,Turkey,0.8038533428732597
Hungary,Wales,0.8036912662217958
Italy,Villarreal,0.8031132631533257
France,Leganés,0.8028828246778652
Ghana,Russia,0.8027952173054106
Belgium,Eibar,0.8024167652530887
North Macedonia,Turkey,0.8024081913401717
Eibar,Morocco,0.802383108945861
Belgium,Celta Vigo,0.8023772258397679
Levante UD,Mexico,0.8022055389348134
Ecuador,Iran,0.8021345471620329
Celta Vigo,United States,0.8020899825214178
Poland,Slovakia,0.8020170840015564
Celta Vigo,North Macedonia,0.8011956837859766
Getafe,Scotland,0.8008421446794808
Eibar,Italy,0.8006871853257713
England,Leganés,0.8005382709944262
Argentina,Poland,0.800157573550594
Costa Rica,Real Betis,0.8001403254821682
Ecuador,Granada,0.7998210561911606
Australia,Ecuador,0.7988746632914226
Espanyol,Turkey,0.7986745118283014
Canada,Iran,0.7986586949696055
Germany,Turkey,0.7983911234469551
Tunisia,Valencia,0.7983380539034018
Croatia,Granada,0.7982318513549539
Espanyol,Qatar,0.7982234974546615
Czech Republic,Slovakia,0.7981458760741819
Australia,Japan,0.7974842021328792
Atlético Madrid,Sweden,0.7972485279135189
Getafe,Uruguay,0.7969280162261924
Granada,Real Betis,0.7968784670356945
Belgium,Osasuna,0.796684213179529
Mexico,Real Sociedad,0.7964445359821118
Granada,Real Madrid,0.7961716928642173
Morocco,Serbia,0.7961592507974805
Leganés,Morocco,0.7960145670836882
England,Qatar,0.7955069645388021
Leganés,Serbia,0.795060470942761
Atlético Madrid,Wales,0.7950254629742031
Finland,France,0.7947995556049422
Getafe,Mexico,0.794652061192576
Costa Rica,Iran,0.7944294707564759
Canada,Serbia,0.7942659133339116
Finland,Granada,0.7941417191939093
Osasuna,Switzerland,0.794073194636309
Deportivo Alavés,Ukraine,0.7940244138128736
Croatia,Leganés,0.7938706049463783
Finland,Netherlands,0.7938090447075916
Granada,Switzerland,0.7938041074712847
Argentina,Scotland,0.7936335143665663
Brazil,Serbia,0.7927161814544995
Argentina,Ukraine,0.7927110675898127
Ecuador,Villarreal,0.7917788761507509
Spain,Villarreal,0.7915117309195846
Atlético Madrid,Huesca,0.7915092067394012
Real Madrid,Slovakia,0.7910079377355874
Germany,Granada,0.7909044482767937
Poland,Valencia,0.7905453722583529
Ecuador,Qatar,0.7902352105859625
Osasuna,Slovakia,0.7897151754611663
Granada,Turkey,0.7896451997378138
Mexico,Real Betis,0.7895793763917425
Japan,Serbia,0.7895675200686945
Hungary,Sweden,0.7895444855356304
Hungary,Iran,0.789466782288018
Australia,Brazil,0.7892102544048332
Atlético Madrid,Australia,0.7886449750475589
Granada,Poland,0.7882880417596936
Cameroon,Mexico,0.788053233647525
Eibar,Ghana,0.7879642039355323
Scotland,Sweden,0.7879576450251673
Switzerland,Valencia,0.7877762122779259
Barcelona,Turkey,0.7877503062811485
Russia,Villarreal,0.7876518336291168
Huesca,Russia,0.7875206240513061
Croatia,Deportivo Alavés,0.7874069041852193
England,Granada,0.7873432166397532
Athletic Club,England,0.787037534381757
Brazil,Iran,0.7870280849988108
Argentina,Real Betis,0.786063919554873
Netherlands,Osasuna,0.7856129555158373
Germany,Getafe,0.7855912051187128
Iran,Japan,0.7853881696200177
United States,Valencia,0.7848999829789034
Hungary,North Macedonia,0.7847473669500937
Granada,Osasuna,0.7842956693263752
Cameroon,Costa Rica,0.7840848474116121
Iran,Morocco,0.7838268600680854
Deportivo Alavés,Russia,0.7837503400886638
Deportivo Alavés,Hungary,0.7837403389587303
Atlético Madrid,Iran,0.7836661975243828
Argentina,Real Sociedad,0.7836261740846304
Costa Rica,Uruguay,0.7833368909219273
Eibar,Turkey,0.7832938215710865
Belgium,Granada,0.7830931244507915
Sweden,Turkey,0.7830676372420888
Hungary,Sevilla,0.7829941592460733
Hungary,Uruguay,0.7828159328492723
Argentina,Ghana,0.7824841360081838
Russia,Valencia,0.7824163499150503
Real Madrid,Sweden,0.782311738912623
Ghana,Japan,0.7822957995745902
Deportivo Alavés,Netherlands,0.7813957288790332
Getafe,Netherlands,0.7812628510130579
Finland,Germany,0.7810699264684489
Deportivo Alavés,Slovakia,0.7810174800978397
Osasuna,Ukraine,0.7809559441466765
England,Huesca,0.7809521237097371
Canada,Deportivo Alavés,0.7808444873532595
Czech Republic,Leganés,0.7805354487163807
Deportivo Alavés,Wales,0.7805080266221179
Celta Vigo,Sevilla,0.7798354281370771
Finland,Real Madrid,0.779820176735473
Costa Rica,Villarreal,0.7797309342040496
Argentina,Sevilla,0.7796491671786774
Leganés,Valencia,0.7795957085320955
England,Getafe,0.7792602351438007
Hungary,Leganés,0.7791562426568391
Celta Vigo,Granada,0.779125316363058
Australia,Russia,0.7786937370862455
Iran,Spain,0.7781971953002653
Japan,Valencia,0.7781209914102309
Finland,North Macedonia,0.7780178492606161
Denmark,Getafe,0.7778878516866148
Hungary,Tunisia,0.7772619940548504
Japan,Real Betis,0.7770421334313311
Granada,United States,0.7765962708653107
Ecuador,Getafe,0.776513726368911
Barcelona,Japan,0.7763557294775936
Costa Rica,Serbia,0.7759434055346414
Costa Rica,Deportivo Alavés,0.7759088193485082
Argentina,Tunisia,0.7754446026827148
Deportivo Alavés,Turkey,0.7749454804164091
Costa Rica,Turkey,0.7748641045076555
Italy,Wales,0.7748602679434252
Barcelona,Serbia,0.7748467563699838
Finland,Ukraine,0.7748295947387503
Getafe,Switzerland,0.7742988100647568
Finland,Morocco,0.7741434733899996
Austria,Getafe,0.773591673346692
Getafe,Poland,0.7734619323633413
Italy,Serbia,0.7734150164999813
Costa Rica,Tunisia,0.7730093328388271
Celta Vigo,Poland,0.7726962536693003
Brazil,Huesca,0.7726379425401262
Getafe,Iran,0.7724699299698794
Osasuna,Russia,0.7719390933243877
Mexico,Sweden,0.7719227950878841
Granada,Serbia,0.7712928423633062
Netherlands,Valencia,0.7710442725723373
Canada,Getafe,0.7709200002042732
Getafe,Tunisia,0.770915574237885
Japan,Real Sociedad,0.7704098573767574
Sweden,Ukraine,0.7703711549099127
Leganés,Turkey,0.7702155593056772
Brazil,Granada,0.7700638320058819
Hungary,Serbia,0.7698102600212867
Leganés,Sweden,0.7697513908282684
Granada,Portugal,0.7697400349612603
Barcelona,Wales,0.7694863806300929
Eibar,Huesca,0.7688441448924153
Ecuador,Finland,0.7686266004603614
Leganés,Portugal,0.7684455583168713
Canada,Turkey,0.7683248328756617
Barcelona,Huesca,0.7681527470404816
Leganés,Wales,0.7679005220191121
Ghana,Mexico,0.7676857543415191
Hungary,Real Valladolid,0.7674827537647863
Japan,Real Madrid,0.7662075756447544
England,Sweden,0.7659188185207498
Celta Vigo,Sweden,0.7657535761158627
Iran,Mexico,0.765682517745357
Deportivo Alavés,France,0.7651157861359359
Costa Rica,Ghana,0.76475711816218
Barcelona,Granada,0.7644967289644152
Deportivo Alavés,Real Madrid,0.7636365039243412
Argentina,Eibar,0.7628865400460615
Spain,Sweden,0.7628302182673707
Getafe,Japan,0.7622892957967705
Ecuador,Valencia,0.7622667610591973
Argentina,Wales,0.7612908797327621
Austria,Hungary,0.7612073821483303
Getafe,Morocco,0.761203403490674
Russia,Turkey,0.7611120440648924
Germany,Leganés,0.7611035180832378
Getafe,Portugal,0.7610739654685034
Japan,Scotland,0.7607574942783841
Leganés,Switzerland,0.7605868279214123
Finland,Portugal,0.7603563102052499
Hungary,Osasuna,0.7602104278202139
Belgium,Deportivo Alavés,0.7601534509787811
Qatar,Russia,0.7595485755951692
Celta Vigo,Scotland,0.7589582512727936
Germany,Osasuna,0.7588366288717724
France,Osasuna,0.758308195329597
Slovakia,Switzerland,0.7581764103033325
Celta Vigo,Getafe,0.7581666674154773
France,Getafe,0.7579507318781264
Brazil,Leganés,0.7578370295009265
Hungary,Scotland,0.7572679162353532
Celta Vigo,Real Betis,0.7572128777899568
Germany,Valencia,0.757123663686402
England,Slovakia,0.7568090810030892
Celta Vigo,Real Sociedad,0.7566830255124524
Costa Rica,Real Sociedad,0.7566664791774966
Barcelona,Eibar,0.7565634486737726
Eibar,Japan,0.7565013449443319
Leganés,Russia,0.7564825040013529
Getafe,Spain,0.7561625427833887
France,Valencia,0.7561616728571278
Canada,Slovakia,0.7560835917917469
Italy,Leganés,0.755994933118544
Qatar,Spain,0.755869186330422
Getafe,Levante UD,0.755263294221573
Hungary,South Korea,0.7549228435967934
Costa Rica,Sevilla,0.7548448228080554
Cameroon,Getafe,0.7548161009456884
France,Slovakia,0.7545443843289837
Australia,Spain,0.7544627102540348
Granada,Italy,0.7540947459099286
Atlético Madrid,Serbia,0.7538095236410087
Celta Vigo,Tunisia,0.7531372270822657
Real Madrid,Valencia,0.7528909779465636
Portugal,Slovakia,0.7526637515959006
Spain,Turkey,0.7525126916900112
Brazil,Qatar,0.7514149850470198
Brazil,Getafe,0.7511121659760794
Athletic Club,Spain,0.7508895410369273
Getafe,United States,0.7508491536689559
Australia,Italy,0.7507110137507566
Australia,Barcelona,0.7503075428606271
Athletic Club,Atlético Madrid,0.7501517376747256
Croatia,Getafe,0.7487800047450551
Deportivo Alavés,Finland,0.7486363158846677
Costa Rica,South Korea,0.7486081609540592
Morocco,Turkey,0.7482655174930604
Athletic Club,Brazil,0.7481925154085639
Getafe,South Korea,0.7479563803714354
Getafe,Sevilla,0.7472613736268657
Belgium,Costa Rica,0.7467712456896501
Celta Vigo,Ghana,0.7465808373013894
Eibar,Sweden,0.7465398393739847
Celta Vigo,Eibar,0.7464670899390257
Italy,Sweden,0.7459937243352139
Brazil,Turkey,0.7459662169933294
Getafe,Osasuna,0.7455890782244208
Argentina,Cameroon,0.7454848962614437
Getafe,Italy,0.7452650134066067
Ecuador,Leganés,0.7452179909336171
Espanyol,Finland,0.7450882584504203
North Macedonia,Osasuna,0.7448414699377448
Athletic Club,Getafe,0.7447468681799623
Celta Vigo,Serbia,0.744338691050379
Deportivo Alavés,Morocco,0.7443089241718717
Deportivo Alavés,Sweden,0.7441206225319846
Deportivo Alavés,England,0.7437237457744088
Hungary,Senegal,0.7434472385477341
Mexico,Villarreal,0.7429916918377173
Japan,Osasuna,0.7428659235737582
Huesca,Spain,0.7428543319107157
Ecuador,Slovakia,0.7424472373303564
Osasuna,Portugal,0.7418483329256835
Deportivo Alavés,Portugal,0.7416603021597173
Ukraine,Valencia,0.7414293123635868
Cameroon,Celta Vigo,0.741242924208927
Deportivo Alavés,Germany,0.7411676433758421
Portugal,Valencia,0.7405652037904934
Getafe,Real Madrid,0.740226636900267
Finland,Leganés,0.739772095089754
Eibar,Granada,0.7394560158957711
Costa Rica,Levante UD,0.7394008819025123
Japan,Ukraine,0.7377172589285597
Canada,Finland,0.7375444476433378
Barcelona,Iran,0.7372209545911611
Celta Vigo,Ukraine,0.7370888043623018
Denmark,Hungary,0.7370668135460828
Barcelona,Slovakia,0.7367752607638279
Argentina,Serbia,0.7365726791202181
Slovakia,Sweden,0.7359393262497679
Australia,Mexico,0.734292057084137
Hungary,Ukraine,0.734202796614643
Barcelona,Leganés,0.7336459194445402
Huesca,Italy,0.7331070538256018
Granada,Spain,0.7330410548495199
Hungary,United States,0.7325119873826502
Deportivo Alavés,Switzerland,0.7324800991504455
Iran,Italy,0.7318292382351866
Atlético Madrid,Turkey,0.7314157671508039
France,Hungary,0.7305180037080213
Getafe,North Macedonia,0.729885668499927
Granada,Mexico,0.7287370122162906
Hungary,Morocco,0.7286869727441952
Celta Vigo,Huesca,0.7285872773566253
Italy,Turkey,0.7283680817819963
Hungary,Saudi Arabia,0.7280139667122238
Eibar,Finland,0.7276349440348056
Deportivo Alavés,Ecuador,0.7274381882244987
Czech Republic,Hungary,0.7270738159796334
Getafe,Sweden,0.7270110437991224
Getafe,Wales,0.7266970732952218
Japan,Qatar,0.7261740313664558
Argentina,Getafe,0.7261423869113197
Costa Rica,Czech Republic,0.7257005818357803
Finland,Russia,0.7252444181878792
Germany,Slovakia,0.7249450629005006
Espanyol,Slovakia,0.7247881307097926
Japan,Turkey,0.72448372869079
North Macedonia,Valencia,0.7242181105113363
Argentina,Granada,0.7241584604334883
Atlético Madrid,Deportivo Alavés,0.7239241179100009
Croatia,Hungary,0.7234899267491453
Athletic Club,Barcelona,0.7226509948111166
Barcelona,Qatar,0.7226022147238719
Argentina,Sweden,0.7222756565286055
Barcelona,Sweden,0.722184630534901
Italy,Qatar,0.7221782747613175
Granada,Slovakia,0.7213198587121589
Japan,Villarreal,0.7210679568530802
Morocco,Valencia,0.7184559277854214
Canada,Hungary,0.7173465299821163
Atlético Madrid,Qatar,0.7169633182263544
Canada,Osasuna,0.7168537723473374
Morocco,Slovakia,0.7166063288083454
Granada,Hungary,0.7158529281503858
Costa Rica,Japan,0.7156431670102046
Brazil,Finland,0.7155172220741391
Getafe,Valencia,0.7134680199575385
England,Osasuna,0.7131687365662919
England,Finland,0.7125195090077433
Eibar,Slovakia,0.7114697646046607
England,Valencia,0.7112933911014679
Leganés,Spain,0.7105532617847521
Getafe,Serbia,0.7102102814798193
Athletic Club,Italy,0.7098165997432939
Morocco,Osasuna,0.7084330633588705
Costa Rica,Real Valladolid,0.7079318770116737
Costa Rica,Denmark,0.7068645464200646
Argentina,Huesca,0.7055363587569542
Celta Vigo,Turkey,0.7054772834666749
Costa Rica,Senegal,0.7052509381605541
Costa Rica,Scotland,0.7047978290695828
Austria,Costa Rica,0.7044540814184527
Getafe,Huesca,0.7043426530865012
Atlético Madrid,Osasuna,0.7039362536130871
Getafe,Villarreal,0.7028635788165125
Granada,Qatar,0.7028041079909906
Ecuador,Osasuna,0.7026646684779263
Getafe,Real Sociedad,0.7025909579030052
Canada,Valencia,0.701334644196554
Brazil,Osasuna,0.7007518585230563
Argentina,Villarreal,0.7005284884061449
Atlético Madrid,Finland,0.7003230420050355
Getafe,Ghana,0.7002494275575332
Costa Rica,Leganés,0.6981617147207231
Athletic Club,Mexico,0.6976008781426244
Australia,Getafe,0.6969025347864177
Costa Rica,Ukraine,0.6960364721567807
Deportivo Alavés,Spain,0.6954078286000334
Barcelona,Finland,0.6952884431569918
Costa Rica,North Macedonia,0.6943328772969338
Celta Vigo,Iran,0.6933672993270903
Mexico,Turkey,0.6920178387288819
Barcelona,Getafe,0.6911642942642356
Leganés,Mexico,0.6906390264788617
Costa Rica,United States,0.6898128572359981
Argentina,Turkey,0.6898048555808401
Mexico,Qatar,0.689029327410772
Costa Rica,Croatia,0.6886862180829288
Finland,Spain,0.686404677266071
Hungary,Netherlands,0.6856195524956484
Italy,Slovakia,0.6851229150786843
Japan,Leganés,0.6847380080604736
Brazil,Deportivo Alavés,0.6840101726621646
Hungary,Poland,0.6837279267914628
Spain,Valencia,0.6835740409799546
Brazil,Slovakia,0.6832012371828879
Osasuna,Spain,0.6830260556166575
Costa Rica,Morocco,0.6829745393807953
Celta Vigo,Finland,0.6822842888588271
Mexico,Osasuna,0.6812293400058475
Costa Rica,Saudi Arabia,0.6802457400945083
Deportivo Alavés,Japan,0.6794206623271725
Getafe,Real Betis,0.6792465483757937
Argentina,Iran,0.678072469347064
Atlético Madrid,Valencia,0.6770803246914219
Atlético Madrid,Slovakia,0.6765508755350308
Hungary,Japan,0.6763092770084174
Athletic Club,Celta Vigo,0.674162961291345
Granada,Ukraine,0.6741557398896995
Huesca,Mexico,0.6734422565009912
Celta Vigo,Valencia,0.6712345232233934
Slovakia,Spain,0.6711065998807899
Costa Rica,France,0.6705335993015177
Hungary,Real Madrid,0.6687986635050636
Brazil,Valencia,0.6676136251409005
Costa Rica,Poland,0.6631929139091909
Barcelona,Valencia,0.6620740035708617
Argentina,Athletic Club,0.6616095863695249
Deportivo Alavés,Italy,0.661189010288494
Argentina,Australia,0.6588469505164396
Argentina,Qatar,0.6583614363593616
Celta Vigo,Villarreal,0.6572711428147541
Hungary,Switzerland,0.6569703321781997
Australia,Celta Vigo,0.6563811410036267
Ecuador,Hungary,0.6549563436243809
Finland,Italy,0.6537867863442935
Costa Rica,Switzerland,0.6534152628297965
Hungary,Portugal,0.6499216916037551
Germany,Hungary,0.6491344308602399
Finland,Mexico,0.648850034292417
Belgium,Getafe,0.6486497597661407
Barcelona,Deportivo Alavés,0.6485369497344186
Russia,Slovakia,0.646084460085943
Deportivo Alavés,Mexico,0.643573875191903
Getafe,Ukraine,0.6377914301159602
Argentina,Leganés,0.6377004651430146
Mexico,Valencia,0.6374118267260335
Getafe,Qatar,0.6343968591638114
Costa Rica,Netherlands,0.6312036877091962
Japan,Slovakia,0.6299125040525163
Costa Rica,Granada,0.6294157190857504
Costa Rica,Germany,0.6286347113601881
Argentina,Finland,0.6283607603507361
Italy,Osasuna,0.6252101657738303
Costa Rica,Eibar,0.6248160494240166
Canada,Costa Rica,0.6219415211478442
Barcelona,Hungary,0.620249280655084
Italy,Valencia,0.6189584542070128
Espanyol,Hungary,0.618700762324728
Costa Rica,Ecuador,0.6174574523026434
Barcelona,Osasuna,0.6173908073394885
England,Hungary,0.615241626017821
Celta Vigo,Qatar,0.6147405913691399
Argentina,Valencia,0.6103678607074143
Celta Vigo,Leganés,0.6093512141647405
Atlético Madrid,Hungary,0.6077264111532985
Costa Rica,Portugal,0.6067851372033386
Brazil,Hungary,0.6025767934006641
Eibar,Hungary,0.6018043627753756
Argentina,Slovakia,0.6000494903727851
Getafe,Turkey,0.5999352299351348
Mexico,Slovakia,0.5974323408350861
Argentina,Deportivo Alavés,0.5964049513919724
Finland,Getafe,0.5842808207539595
Celta Vigo,Osasuna,0.5808137258769032
Celta Vigo,Slovakia,0.5804594985815439
Celta Vigo,Deportivo Alavés,0.5795111905013712
Hungary,Russia,0.573407676490754
Costa Rica,Real Madrid,0.5726160490467355
Costa Rica,Espanyol,0.5683865825548049
Costa Rica,Russia,0.5656622450335257
Argentina,Osasuna,0.5586730494973947
Hungary,Italy,0.5579855342521418
Hungary,Spain,0.5562830385286327
Costa Rica,England,0.5338982280598573
Brazil,Costa Rica,0.5306807791341562
Celta Vigo,Hungary,0.5221549021182368
Costa Rica,Spain,0.516563801313491
Argentina,Hungary,0.5158516610944162
Getafe,Slovakia,0.5052276011577257
Atlético Madrid,Costa Rica,0.500286771806771
Barcelona,Costa Rica,0.49117071913897414
Getafe,Hungary,0.4719022022405815
Celta Vigo,Costa Rica,0.46412688349976344
Costa Rica,Italy,0.4633337151072863
Hungary,Mexico,0.4581573993560893
Costa Rica,Getafe,0.45546576770012415
Argentina,Costa Rica,0.4414238891577531
Costa Rica,Mexico,0.43636075163636645
